{
  "arrays": {
    "hidden_excitability": [
      4096
    ],
    "hidden_thresholds": [
      4096
    ],
    "hidden_traces": [
      4096
    ],
    "input_indices": [
      4096,
      64
    ],
    "input_weights": [
      4096,
      64
    ],
    "output_weights": [
      4096,
      10
    ]
  },
  "artifact_name": "final",
  "checkpoint_id": 7,
  "created_at": "2026-05-01 12:55:21.864848",
  "epoch": 3,
  "run_id": 1,
  "stats": {
    "hidden_excitability": {
      "count": 4096.0,
      "max": 1.0,
      "mean": 1.0,
      "min": 1.0,
      "nonzero_fraction": 1.0,
      "p05": 1.0,
      "p50": 1.0,
      "p95": 1.0,
      "std": 0.0
    },
    "hidden_thresholds": {
      "count": 4096.0,
      "max": 2.441343307495117,
      "mean": 0.8592707599054847,
      "min": 0.10276229679584503,
      "nonzero_fraction": 1.0,
      "p05": 0.4463983029127121,
      "p50": 0.8288561403751373,
      "p95": 1.3961876332759857,
      "std": 0.291727908277468
    },
    "hidden_traces": {
      "count": 4096.0,
      "max": 1.3387186527252197,
      "mean": 0.17831117518393358,
      "min": 1.6432019633860762e-10,
      "nonzero_fraction": 1.0,
      "p05": 0.00029982361593283713,
      "p50": 0.0998479314148426,
      "p95": 0.5903521478176117,
      "std": 0.20206193478993342
    },
    "input_indices": {
      "count": 262144.0,
      "max": 783.0,
      "mean": 391.243221282959,
      "min": 0.0,
      "nonzero_fraction": 0.9986038208007812,
      "p05": 38.0,
      "p50": 391.0,
      "p95": 744.0,
      "std": 226.66519925735295
    },
    "input_weights": {
      "count": 262144.0,
      "max": 0.7029383778572083,
      "mean": 0.00013539528441775515,
      "min": -0.6751269102096558,
      "nonzero_fraction": 1.0,
      "p05": -0.24668617248535157,
      "p50": -0.0001895607856567949,
      "p95": 0.24619482308626167,
      "std": 0.14980966907843712
    },
    "output_weights": {
      "count": 40960.0,
      "max": 0.6552020311355591,
      "mean": 1.1011224153500975e-05,
      "min": -0.4027722179889679,
      "nonzero_fraction": 1.0,
      "p05": -0.14915480464696884,
      "p50": -0.018255099654197693,
      "p95": 0.20960736051201811,
      "std": 0.1111615501209898
    }
  },
  "step": 30000
}